{
    "aleatório": [2.0742416381835938e-05, 0.0010352134704589844, 0.12097740173339844, 23.468878507614136, 1687.7326955795288]
    ,"ordenado" :  [7.62939453125e-06,1.3589859008789062e-05, 0.0001468658447265625,0.0015399456024169922,0.020967960357666016]
    ,"inversamente ordenado": [2.384185791015625e-05,0.0014734268188476562,0.16921114921569824,24.781312942504883,4357.207310676575]
}