{
    "inversamente ordenado": [
        2.6941299438476562e-05,
        0.0009019374847412109,
        0.10094761848449707,
        9.98233151435852,
        1351.0365030765533
    ],
    "ordenado": [
        1.3828277587890625e-05,
        4.029273986816406e-05,
        0.0002894401550292969,
        0.0030558109283447266,
        0.047338247299194336
    ],
    "aleatório": [
        1.9550323486328125e-05,
        0.0004718303680419922,
        0.050256967544555664,
        5.1481852531433105,
        611.247124671936
    ]
}