{
  "inversamente ordenado": [
    4.458427429199219e-05,
    0.0004169940948486328,
    0.004733085632324219,
    0.06065011024475098,
    0.7245211601257324,
    10.445253133773804
  ]
  ,"ordenado": [
    4.863739013671875e-05,
    0.0005340576171875,
    0.0055043697357177734,
    0.07646775245666504,
    0.7420213222503662,
    9.195699453353882
  ]
  ,"aleatório": [
    4.458427429199219e-05,
    0.00037288665771484375,
    0.00541377067565918,
    0.06266117095947266,
    0.8059070110321045,
    11.412020206451416
  ]
} 
