{
    "aleatorio": [
     2.574920654296875e-05,
     0.00032806396484375,
     0.002953052520751953,
     0.03616499900817871,
     0.45128965377807617,
     5.763241529464722
    ]
    ,"ordenado": [
        3.457069396972656e-05,
        0.000202178955078125,
        0.0026254653930664062,
        0.0338289737701416,
        0.42956018447875977,
        5.450695276260376
    ]
    ,"inversamente ordenado": [
         3.075599670410156e-05,
         0.0002117156982421875,
         0.0038025379180908203,
         0.057790517807006836,
         0.7812273502349854,
         11.280146360397339
    ]
}